{"parent":"display/block_inside","textures":{"particle":"#all"},"elements":[{"from":[0,0,0],"to":[16,16,16],"faces":{"north":{"uv":[0,0,16,16],"texture":"#all","cullface":"north"},"east":{"uv":[0,0,16,16],"texture":"#all","cullface":"east"},"south":{"uv":[0,0,16,16],"texture":"#all","cullface":"south"},"west":{"uv":[0,0,16,16],"texture":"#all","cullface":"west"},"up":{"uv":[0,0,16,16],"texture":"#all","cullface":"up"},"down":{"uv":[0,0,16,16],"texture":"#all","cullface":"down"}}},{"from":[6,1,16],"to":[8,2,16.5],"rotation":{"angle":0,"axis":"y","origin":[8,8,8]},"faces":{"east":{"uv":[7,14,8,15],"texture":"#all","cullface":"south"},"south":{"uv":[6,14,8,15],"texture":"#all","cullface":"south"},"west":{"uv":[6,14,7,15],"texture":"#all","cullface":"south"},"up":{"uv":[6,14,8,15],"texture":"#all","cullface":"south"},"down":{"uv":[6,14,8,15],"texture":"#all","cullface":"south"}}},{"from":[12,13,16],"to":[14,14,16.5],"rotation":{"angle":0,"axis":"y","origin":[8,8,8]},"faces":{"east":{"uv":[13,2,14,3],"texture":"#all","cullface":"south"},"south":{"uv":[12,2,14,3],"texture":"#all","cullface":"south"},"west":{"uv":[12,2,13,3],"texture":"#all","cullface":"south"},"up":{"uv":[12,2,14,3],"texture":"#all","cullface":"south"},"down":{"uv":[12,2,14,3],"texture":"#all","cullface":"south"}}},{"from":[13,5,16],"to":[15,6,16.75],"rotation":{"angle":0,"axis":"y","origin":[8,8,8]},"faces":{"east":{"uv":[14,10,15,11],"texture":"#all","cullface":"south"},"south":{"uv":[13,10,15,11],"texture":"#all","cullface":"south"},"west":{"uv":[13,10,14,11],"texture":"#all","cullface":"south"},"up":{"uv":[13,10,15,11],"texture":"#all","cullface":"south"},"down":{"uv":[13,10,15,11],"texture":"#all","cullface":"south"}}},{"from":[1,11,16],"to":[3,12,16.75],"rotation":{"angle":0,"axis":"y","origin":[8,8,8]},"faces":{"east":{"uv":[2,4,3,5],"texture":"#all","cullface":"south"},"south":{"uv":[1,4,3,5],"texture":"#all","cullface":"south"},"west":{"uv":[1,4,2,5],"texture":"#all","cullface":"south"},"up":{"uv":[1,4,3,5],"texture":"#all","cullface":"south"},"down":{"uv":[1,4,3,5],"texture":"#all","cullface":"south"}}},{"from":[6,13,16],"to":[9,14,16.5],"rotation":{"angle":0,"axis":"y","origin":[8,8,8]},"faces":{"east":{"uv":[8,2,9,3],"texture":"#all","cullface":"south"},"south":{"uv":[6,2,9,3],"texture":"#all","cullface":"south"},"west":{"uv":[6,2,7,3],"texture":"#all","cullface":"south"},"up":{"uv":[6,2,9,3],"texture":"#all","cullface":"south"}}},{"from":[7,11,16],"to":[10,12,16.5],"rotation":{"angle":0,"axis":"y","origin":[8,8,8]},"faces":{"east":{"uv":[9,4,10,5],"texture":"#all","cullface":"south"},"south":{"uv":[7,4,10,5],"texture":"#all","cullface":"south"},"west":{"uv":[7,4,8,5],"texture":"#all","cullface":"south"},"down":{"uv":[7,4,10,5],"texture":"#all","cullface":"south"}}},{"from":[5,12,16],"to":[11,13,16.75],"rotation":{"angle":0,"axis":"y","origin":[8,8,8]},"faces":{"east":{"uv":[10,3,11,4],"texture":"#all","cullface":"south"},"south":{"uv":[5,3,11,4],"texture":"#all","cullface":"south"},"west":{"uv":[5,3,6,4],"texture":"#all","cullface":"south"},"up":{"uv":[5,3,11,4],"texture":"#all","cullface":"south"},"down":{"uv":[5,3,11,4],"texture":"#all","cullface":"south"}}},{"from":[12,3,16],"to":[13,4,16.5],"rotation":{"angle":0,"axis":"y","origin":[8,8,8]},"faces":{"east":{"uv":[12,12,13,13],"texture":"#all","cullface":"south"},"south":{"uv":[12,12,13,13],"texture":"#all","cullface":"south"},"up":{"uv":[12,12,13,13],"texture":"#all","cullface":"south"},"down":{"uv":[12,12,13,13],"texture":"#all","cullface":"south"}}},{"from":[10,2,16],"to":[12,4,16.75],"rotation":{"angle":0,"axis":"y","origin":[8,8,8]},"faces":{"east":{"uv":[11,12,12,14],"texture":"#all","cullface":"south"},"south":{"uv":[10,12,12,14],"texture":"#all","cullface":"south"},"west":{"uv":[10,12,11,14],"texture":"#all","cullface":"south"},"up":{"uv":[10,12,12,13],"texture":"#all","cullface":"south"},"down":{"uv":[10,13,12,14],"texture":"#all","cullface":"south"}}},{"from":[11,8,16],"to":[13,10,16.75],"rotation":{"angle":0,"axis":"y","origin":[8,8,8]},"faces":{"east":{"uv":[12,6,13,8],"texture":"#all","cullface":"south"},"south":{"uv":[11,6,13,8],"texture":"#all","cullface":"south"},"west":{"uv":[11,6,12,8],"texture":"#all","cullface":"south"},"up":{"uv":[11,6,13,7],"texture":"#all","cullface":"south"},"down":{"uv":[11,7,13,8],"texture":"#all","cullface":"south"}}},{"from":[10,9,16],"to":[11,10,16.5],"rotation":{"angle":0,"axis":"y","origin":[8,8,8]},"faces":{"south":{"uv":[10,6,11,7],"texture":"#all","cullface":"south"},"west":{"uv":[10,6,11,7],"texture":"#all","cullface":"south"},"up":{"uv":[10,6,11,7],"texture":"#all","cullface":"south"},"down":{"uv":[10,6,11,7],"texture":"#all","cullface":"south"}}},{"from":[4,6,16],"to":[6,8,16.75],"rotation":{"angle":0,"axis":"y","origin":[8,8,8]},"faces":{"east":{"uv":[5,8,6,10],"texture":"#all","cullface":"south"},"south":{"uv":[4,8,6,10],"texture":"#all","cullface":"south"},"west":{"uv":[4,8,5,10],"texture":"#all","cullface":"south"},"up":{"uv":[4,8,6,9],"texture":"#all","cullface":"south"},"down":{"uv":[4,9,6,10],"texture":"#all","cullface":"south"}}},{"from":[4,8,16],"to":[7,9,16.5],"rotation":{"angle":0,"axis":"y","origin":[8,8,8]},"faces":{"east":{"uv":[6,7,7,8],"texture":"#all","cullface":"south"},"south":{"uv":[4,7,7,8],"texture":"#all","cullface":"south"},"west":{"uv":[4,7,5,8],"texture":"#all","cullface":"south"},"up":{"uv":[4,7,7,8],"texture":"#all","cullface":"south"}}},{"from":[3,7,16],"to":[8,8,16.5],"rotation":{"angle":0,"axis":"y","origin":[8,8,8]},"faces":{"east":{"uv":[7,8,8,9],"texture":"#all","cullface":"south"},"south":{"uv":[3,8,8,9],"texture":"#all","cullface":"south"},"west":{"uv":[3,8,4,9],"texture":"#all","cullface":"south"},"up":{"uv":[3,8,8,9],"texture":"#all","cullface":"south"},"down":{"uv":[3,8,8,9],"texture":"#all","cullface":"south"}}},{"from":[3,2,16],"to":[5,4,16.75],"rotation":{"angle":0,"axis":"y","origin":[8,8,8]},"faces":{"east":{"uv":[4,12,5,14],"texture":"#all","cullface":"south"},"south":{"uv":[3,12,5,14],"texture":"#all","cullface":"south"},"west":{"uv":[3,12,4,14],"texture":"#all","cullface":"south"},"up":{"uv":[3,12,5,13],"texture":"#all","cullface":"south"},"down":{"uv":[3,13,5,14],"texture":"#all","cullface":"south"}}},{"from":[2,3,16],"to":[7,4,16.5],"rotation":{"angle":0,"axis":"y","origin":[8,8,8]},"faces":{"east":{"uv":[6,12,7,13],"texture":"#all","cullface":"south"},"south":{"uv":[2,12,7,13],"texture":"#all","cullface":"south"},"west":{"uv":[2,12,3,13],"texture":"#all","cullface":"south"},"up":{"uv":[2,12,7,13],"texture":"#all","cullface":"south"},"down":{"uv":[2,12,7,13],"texture":"#all","cullface":"south"}}},{"from":[16,1,8],"to":[16.5,2,10],"rotation":{"angle":0,"axis":"y","origin":[8,8,8]},"faces":{"north":{"uv":[7,14,8,15],"texture":"#all","cullface":"east"},"east":{"uv":[6,14,8,15],"texture":"#all","cullface":"east"},"south":{"uv":[6,14,7,15],"texture":"#all","cullface":"east"},"up":{"uv":[6,14,8,15],"rotation":270,"texture":"#all","cullface":"east"},"down":{"uv":[6,14,8,15],"rotation":90,"texture":"#all","cullface":"east"}}},{"from":[16,3,3],"to":[16.5,4,4],"rotation":{"angle":0,"axis":"y","origin":[8,8,8]},"faces":{"north":{"uv":[12,12,13,13],"texture":"#all","cullface":"east"},"east":{"uv":[12,12,13,13],"texture":"#all","cullface":"east"},"up":{"uv":[12,12,13,13],"rotation":270,"texture":"#all","cullface":"east"},"down":{"uv":[12,12,13,13],"rotation":90,"texture":"#all","cullface":"east"}}},{"from":[16,9,5],"to":[16.5,10,6],"rotation":{"angle":0,"axis":"y","origin":[8,8,8]},"faces":{"east":{"uv":[10,6,11,7],"texture":"#all","cullface":"east"},"south":{"uv":[10,6,11,7],"texture":"#all","cullface":"east"},"up":{"uv":[10,6,11,7],"rotation":270,"texture":"#all","cullface":"east"},"down":{"uv":[10,6,11,7],"rotation":90,"texture":"#all","cullface":"east"}}},{"from":[16,13,2],"to":[16.5,14,4],"rotation":{"angle":0,"axis":"y","origin":[8,8,8]},"faces":{"north":{"uv":[13,2,14,3],"texture":"#all","cullface":"east"},"east":{"uv":[12,2,14,3],"texture":"#all","cullface":"east"},"south":{"uv":[12,2,13,3],"texture":"#all","cullface":"east"},"up":{"uv":[12,2,14,3],"rotation":270,"texture":"#all","cullface":"east"},"down":{"uv":[12,2,14,3],"rotation":90,"texture":"#all","cullface":"east"}}},{"from":[16,13,7],"to":[16.5,14,10],"rotation":{"angle":0,"axis":"y","origin":[8,8,8]},"faces":{"north":{"uv":[8,2,9,3],"texture":"#all","cullface":"east"},"east":{"uv":[6,2,9,3],"texture":"#all","cullface":"east"},"south":{"uv":[6,2,7,3],"texture":"#all","cullface":"east"},"up":{"uv":[6,2,9,3],"rotation":270,"texture":"#all","cullface":"east"}}},{"from":[16,11,6],"to":[16.5,12,9],"rotation":{"angle":0,"axis":"y","origin":[8,8,8]},"faces":{"north":{"uv":[9,4,10,5],"texture":"#all","cullface":"east"},"east":{"uv":[7,4,10,5],"texture":"#all","cullface":"east"},"south":{"uv":[7,4,8,5],"texture":"#all","cullface":"east"},"down":{"uv":[7,4,10,5],"rotation":90,"texture":"#all","cullface":"east"}}},{"from":[16,8,9],"to":[16.5,9,12],"rotation":{"angle":0,"axis":"y","origin":[8,8,8]},"faces":{"north":{"uv":[6,7,7,8],"texture":"#all","cullface":"east"},"east":{"uv":[4,7,7,8],"texture":"#all","cullface":"east"},"south":{"uv":[4,7,5,8],"texture":"#all","cullface":"east"},"up":{"uv":[4,7,7,8],"rotation":270,"texture":"#all","cullface":"east"}}},{"from":[16,7,8],"to":[16.5,8,13],"rotation":{"angle":0,"axis":"y","origin":[8,8,8]},"faces":{"north":{"uv":[7,8,8,9],"texture":"#all","cullface":"east"},"east":{"uv":[3,8,8,9],"texture":"#all","cullface":"east"},"south":{"uv":[3,8,4,9],"texture":"#all","cullface":"east"},"up":{"uv":[3,8,8,9],"rotation":270,"texture":"#all","cullface":"east"},"down":{"uv":[3,8,8,9],"rotation":90,"texture":"#all","cullface":"east"}}},{"from":[16,3,9],"to":[16.5,4,14],"rotation":{"angle":0,"axis":"y","origin":[8,8,8]},"faces":{"north":{"uv":[6,12,7,13],"texture":"#all","cullface":"east"},"east":{"uv":[2,12,7,13],"texture":"#all","cullface":"east"},"south":{"uv":[2,12,3,13],"texture":"#all","cullface":"east"},"up":{"uv":[2,12,7,13],"rotation":270,"texture":"#all","cullface":"east"},"down":{"uv":[2,12,7,13],"rotation":90,"texture":"#all","cullface":"east"}}},{"from":[16,12,5],"to":[16.75,13,11],"rotation":{"angle":0,"axis":"y","origin":[8,8,8]},"faces":{"north":{"uv":[10,3,11,4],"texture":"#all","cullface":"east"},"east":{"uv":[5,3,11,4],"texture":"#all","cullface":"east"},"south":{"uv":[5,3,6,4],"texture":"#all","cullface":"east"},"up":{"uv":[5,3,11,4],"rotation":270,"texture":"#all","cullface":"east"},"down":{"uv":[5,3,11,4],"rotation":90,"texture":"#all","cullface":"east"}}},{"from":[16,5,1],"to":[16.75,6,3],"rotation":{"angle":0,"axis":"y","origin":[8,8,8]},"faces":{"north":{"uv":[14,10,15,11],"texture":"#all","cullface":"east"},"east":{"uv":[13,10,15,11],"texture":"#all","cullface":"east"},"south":{"uv":[13,10,14,11],"texture":"#all","cullface":"east"},"up":{"uv":[13,10,15,11],"rotation":270,"texture":"#all","cullface":"east"},"down":{"uv":[13,10,15,11],"rotation":90,"texture":"#all","cullface":"east"}}},{"from":[16,2,4],"to":[16.75,4,6],"rotation":{"angle":0,"axis":"y","origin":[8,8,8]},"faces":{"north":{"uv":[11,12,12,14],"texture":"#all","cullface":"east"},"east":{"uv":[10,12,12,14],"texture":"#all","cullface":"east"},"south":{"uv":[10,12,11,14],"texture":"#all","cullface":"east"},"up":{"uv":[10,12,12,13],"rotation":270,"texture":"#all","cullface":"east"},"down":{"uv":[10,13,12,14],"rotation":90,"texture":"#all","cullface":"east"}}},{"from":[16,8,3],"to":[16.75,10,5],"rotation":{"angle":0,"axis":"y","origin":[8,8,8]},"faces":{"north":{"uv":[12,6,13,8],"texture":"#all","cullface":"east"},"east":{"uv":[11,6,13,8],"texture":"#all","cullface":"east"},"south":{"uv":[11,6,12,8],"texture":"#all","cullface":"east"},"up":{"uv":[11,6,13,7],"rotation":270,"texture":"#all","cullface":"east"},"down":{"uv":[11,7,13,8],"rotation":90,"texture":"#all","cullface":"east"}}},{"from":[16,6,10],"to":[16.75,8,12],"rotation":{"angle":0,"axis":"y","origin":[8,8,8]},"faces":{"north":{"uv":[5,8,6,10],"texture":"#all","cullface":"east"},"east":{"uv":[4,8,6,10],"texture":"#all","cullface":"east"},"south":{"uv":[4,8,5,10],"texture":"#all","cullface":"east"},"up":{"uv":[4,8,6,9],"rotation":270,"texture":"#all","cullface":"east"},"down":{"uv":[4,9,6,10],"rotation":90,"texture":"#all","cullface":"east"}}},{"from":[16,2,11],"to":[16.75,4,13],"rotation":{"angle":0,"axis":"y","origin":[8,8,8]},"faces":{"north":{"uv":[4,12,5,14],"texture":"#all","cullface":"east"},"east":{"uv":[3,12,5,14],"texture":"#all","cullface":"east"},"south":{"uv":[3,12,4,14],"texture":"#all","cullface":"east"},"up":{"uv":[3,12,5,13],"rotation":270,"texture":"#all","cullface":"east"},"down":{"uv":[3,13,5,14],"rotation":90,"texture":"#all","cullface":"east"}}},{"from":[16,11,13],"to":[16.75,12,15],"rotation":{"angle":0,"axis":"y","origin":[8,8,8]},"faces":{"north":{"uv":[2,4,3,5],"texture":"#all","cullface":"east"},"east":{"uv":[1,4,3,5],"texture":"#all","cullface":"east"},"south":{"uv":[1,4,2,5],"texture":"#all","cullface":"east"},"up":{"uv":[1,4,3,5],"rotation":270,"texture":"#all","cullface":"east"},"down":{"uv":[1,4,3,5],"rotation":90,"texture":"#all","cullface":"east"}}},{"from":[8,1,-0.5],"to":[10,2,0],"rotation":{"angle":0,"axis":"y","origin":[8,8,8]},"faces":{"north":{"uv":[6,14,8,15],"texture":"#all","cullface":"north"},"east":{"uv":[6,14,7,15],"texture":"#all","cullface":"north"},"west":{"uv":[7,14,8,15],"texture":"#all","cullface":"north"},"up":{"uv":[6,14,8,15],"rotation":180,"texture":"#all","cullface":"north"},"down":{"uv":[6,14,8,15],"rotation":180,"texture":"#all","cullface":"north"}}},{"from":[3,3,-0.5],"to":[4,4,0],"rotation":{"angle":0,"axis":"y","origin":[8,8,8]},"faces":{"north":{"uv":[12,12,13,13],"texture":"#all","cullface":"north"},"west":{"uv":[12,12,13,13],"texture":"#all","cullface":"north"},"up":{"uv":[12,12,13,13],"rotation":180,"texture":"#all","cullface":"north"},"down":{"uv":[12,12,13,13],"rotation":180,"texture":"#all","cullface":"north"}}},{"from":[5,9,-0.5],"to":[6,10,0],"rotation":{"angle":0,"axis":"y","origin":[8,8,8]},"faces":{"north":{"uv":[10,6,11,7],"texture":"#all","cullface":"north"},"east":{"uv":[10,6,11,7],"texture":"#all","cullface":"north"},"up":{"uv":[10,6,11,7],"rotation":180,"texture":"#all","cullface":"north"},"down":{"uv":[10,6,11,7],"rotation":180,"texture":"#all","cullface":"north"}}},{"from":[2,13,-0.5],"to":[4,14,0],"rotation":{"angle":0,"axis":"y","origin":[8,8,8]},"faces":{"north":{"uv":[12,2,14,3],"texture":"#all","cullface":"north"},"east":{"uv":[12,2,13,3],"texture":"#all","cullface":"north"},"west":{"uv":[13,2,14,3],"texture":"#all","cullface":"north"},"up":{"uv":[12,2,14,3],"rotation":180,"texture":"#all","cullface":"north"},"down":{"uv":[12,2,14,3],"rotation":180,"texture":"#all","cullface":"north"}}},{"from":[7,13,-0.5],"to":[10,14,0],"rotation":{"angle":0,"axis":"y","origin":[8,8,8]},"faces":{"north":{"uv":[6,2,9,3],"texture":"#all","cullface":"north"},"east":{"uv":[6,2,7,3],"texture":"#all","cullface":"north"},"west":{"uv":[8,2,9,3],"texture":"#all","cullface":"north"},"up":{"uv":[6,2,9,3],"rotation":180,"texture":"#all","cullface":"north"}}},{"from":[6,11,-0.5],"to":[9,12,0],"rotation":{"angle":0,"axis":"y","origin":[8,8,8]},"faces":{"north":{"uv":[7,4,10,5],"texture":"#all","cullface":"north"},"east":{"uv":[7,4,8,5],"texture":"#all","cullface":"north"},"west":{"uv":[9,4,10,5],"texture":"#all","cullface":"north"},"down":{"uv":[7,4,10,5],"rotation":180,"texture":"#all","cullface":"north"}}},{"from":[9,8,-0.5],"to":[12,9,0],"rotation":{"angle":0,"axis":"y","origin":[8,8,8]},"faces":{"north":{"uv":[4,7,7,8],"texture":"#all","cullface":"north"},"east":{"uv":[4,7,5,8],"texture":"#all","cullface":"north"},"west":{"uv":[6,7,7,8],"texture":"#all","cullface":"north"},"up":{"uv":[4,7,7,8],"rotation":180,"texture":"#all","cullface":"north"}}},{"from":[8,7,-0.5],"to":[13,8,0],"rotation":{"angle":0,"axis":"y","origin":[8,8,8]},"faces":{"north":{"uv":[3,8,8,9],"texture":"#all","cullface":"north"},"east":{"uv":[3,8,4,9],"texture":"#all","cullface":"north"},"west":{"uv":[7,8,8,9],"texture":"#all","cullface":"north"},"up":{"uv":[3,8,8,9],"rotation":180,"texture":"#all","cullface":"north"},"down":{"uv":[3,8,8,9],"rotation":180,"texture":"#all","cullface":"north"}}},{"from":[9,3,-0.5],"to":[14,4,0],"rotation":{"angle":0,"axis":"y","origin":[8,8,8]},"faces":{"north":{"uv":[2,12,7,13],"texture":"#all","cullface":"north"},"east":{"uv":[2,12,3,13],"texture":"#all","cullface":"north"},"west":{"uv":[6,12,7,13],"texture":"#all","cullface":"north"},"up":{"uv":[2,12,7,13],"rotation":180,"texture":"#all","cullface":"north"},"down":{"uv":[2,12,7,13],"rotation":180,"texture":"#all","cullface":"north"}}},{"from":[5,12,-0.75],"to":[11,13,0],"rotation":{"angle":0,"axis":"y","origin":[8,8,8]},"faces":{"north":{"uv":[5,3,11,4],"texture":"#all","cullface":"north"},"east":{"uv":[5,3,6,4],"texture":"#all","cullface":"north"},"west":{"uv":[10,3,11,4],"texture":"#all","cullface":"north"},"up":{"uv":[5,3,11,4],"rotation":180,"texture":"#all","cullface":"north"},"down":{"uv":[5,3,11,4],"rotation":180,"texture":"#all","cullface":"north"}}},{"from":[1,5,-0.75],"to":[3,6,0],"rotation":{"angle":0,"axis":"y","origin":[8,8,8]},"faces":{"north":{"uv":[13,10,15,11],"texture":"#all","cullface":"north"},"east":{"uv":[13,10,14,11],"texture":"#all","cullface":"north"},"west":{"uv":[14,10,15,11],"texture":"#all","cullface":"north"},"up":{"uv":[13,10,15,11],"rotation":180,"texture":"#all","cullface":"north"},"down":{"uv":[13,10,15,11],"rotation":180,"texture":"#all","cullface":"north"}}},{"from":[4,2,-0.75],"to":[6,4,0],"rotation":{"angle":0,"axis":"y","origin":[8,8,8]},"faces":{"north":{"uv":[10,12,12,14],"texture":"#all","cullface":"north"},"east":{"uv":[10,12,11,14],"texture":"#all","cullface":"north"},"west":{"uv":[11,12,12,14],"texture":"#all","cullface":"north"},"up":{"uv":[10,12,12,13],"rotation":180,"texture":"#all","cullface":"north"},"down":{"uv":[10,13,12,14],"rotation":180,"texture":"#all","cullface":"north"}}},{"from":[3,8,-0.75],"to":[5,10,0],"rotation":{"angle":0,"axis":"y","origin":[8,8,8]},"faces":{"north":{"uv":[11,6,13,8],"texture":"#all","cullface":"north"},"east":{"uv":[11,6,12,8],"texture":"#all","cullface":"north"},"west":{"uv":[12,6,13,8],"texture":"#all","cullface":"north"},"up":{"uv":[11,6,13,7],"rotation":180,"texture":"#all","cullface":"north"},"down":{"uv":[11,7,13,8],"rotation":180,"texture":"#all","cullface":"north"}}},{"from":[10,6,-0.75],"to":[12,8,0],"rotation":{"angle":0,"axis":"y","origin":[8,8,8]},"faces":{"north":{"uv":[4,8,6,10],"texture":"#all","cullface":"north"},"east":{"uv":[4,8,5,10],"texture":"#all","cullface":"north"},"west":{"uv":[5,8,6,10],"texture":"#all","cullface":"north"},"up":{"uv":[4,8,6,9],"rotation":180,"texture":"#all","cullface":"north"},"down":{"uv":[4,9,6,10],"rotation":180,"texture":"#all","cullface":"north"}}},{"from":[11,2,-0.75],"to":[13,4,0],"rotation":{"angle":0,"axis":"y","origin":[8,8,8]},"faces":{"north":{"uv":[3,12,5,14],"texture":"#all","cullface":"north"},"east":{"uv":[3,12,4,14],"texture":"#all","cullface":"north"},"west":{"uv":[4,12,5,14],"texture":"#all","cullface":"north"},"up":{"uv":[3,12,5,13],"rotation":180,"texture":"#all","cullface":"north"},"down":{"uv":[3,13,5,14],"rotation":180,"texture":"#all","cullface":"north"}}},{"from":[13,11,-0.75],"to":[15,12,0],"rotation":{"angle":0,"axis":"y","origin":[8,8,8]},"faces":{"north":{"uv":[1,4,3,5],"texture":"#all","cullface":"north"},"east":{"uv":[1,4,2,5],"texture":"#all","cullface":"north"},"west":{"uv":[2,4,3,5],"texture":"#all","cullface":"north"},"up":{"uv":[1,4,3,5],"rotation":180,"texture":"#all","cullface":"north"},"down":{"uv":[1,4,3,5],"rotation":180,"texture":"#all","cullface":"north"}}},{"from":[-0.5,1,6],"to":[0,2,8],"rotation":{"angle":0,"axis":"y","origin":[8,8,8]},"faces":{"north":{"uv":[6,14,7,15],"texture":"#all","cullface":"west"},"south":{"uv":[7,14,8,15],"texture":"#all","cullface":"west"},"west":{"uv":[6,14,8,15],"texture":"#all","cullface":"west"},"up":{"uv":[6,14,8,15],"rotation":90,"texture":"#all","cullface":"west"},"down":{"uv":[6,14,8,15],"rotation":270,"texture":"#all","cullface":"west"}}},{"from":[-0.5,3,12],"to":[0,4,13],"rotation":{"angle":0,"axis":"y","origin":[8,8,8]},"faces":{"south":{"uv":[12,12,13,13],"texture":"#all","cullface":"west"},"west":{"uv":[12,12,13,13],"texture":"#all","cullface":"west"},"up":{"uv":[12,12,13,13],"rotation":90,"texture":"#all","cullface":"west"},"down":{"uv":[12,12,13,13],"rotation":270,"texture":"#all","cullface":"west"}}},{"from":[-0.5,9,10],"to":[0,10,11],"rotation":{"angle":0,"axis":"y","origin":[8,8,8]},"faces":{"north":{"uv":[10,6,11,7],"texture":"#all","cullface":"west"},"west":{"uv":[10,6,11,7],"texture":"#all","cullface":"west"},"up":{"uv":[10,6,11,7],"rotation":90,"texture":"#all","cullface":"west"},"down":{"uv":[10,6,11,7],"rotation":270,"texture":"#all","cullface":"west"}}},{"from":[-0.5,13,12],"to":[0,14,14],"rotation":{"angle":0,"axis":"y","origin":[8,8,8]},"faces":{"north":{"uv":[12,2,13,3],"texture":"#all","cullface":"west"},"south":{"uv":[13,2,14,3],"texture":"#all","cullface":"west"},"west":{"uv":[12,2,14,3],"texture":"#all","cullface":"west"},"up":{"uv":[12,2,14,3],"rotation":90,"texture":"#all","cullface":"west"},"down":{"uv":[12,2,14,3],"rotation":270,"texture":"#all","cullface":"west"}}},{"from":[-0.5,13,6],"to":[0,14,9],"rotation":{"angle":0,"axis":"y","origin":[8,8,8]},"faces":{"north":{"uv":[6,2,7,3],"texture":"#all","cullface":"west"},"south":{"uv":[8,2,9,3],"texture":"#all","cullface":"west"},"west":{"uv":[6,2,9,3],"texture":"#all","cullface":"west"},"up":{"uv":[6,2,9,3],"rotation":90,"texture":"#all","cullface":"west"}}},{"from":[-0.5,11,7],"to":[0,12,10],"rotation":{"angle":0,"axis":"y","origin":[8,8,8]},"faces":{"north":{"uv":[7,4,8,5],"texture":"#all","cullface":"west"},"south":{"uv":[9,4,10,5],"texture":"#all","cullface":"west"},"west":{"uv":[7,4,10,5],"texture":"#all","cullface":"west"},"down":{"uv":[7,4,10,5],"rotation":270,"texture":"#all","cullface":"west"}}},{"from":[-0.5,8,4],"to":[0,9,7],"rotation":{"angle":0,"axis":"y","origin":[8,8,8]},"faces":{"north":{"uv":[4,7,5,8],"texture":"#all","cullface":"west"},"south":{"uv":[6,7,7,8],"texture":"#all","cullface":"west"},"west":{"uv":[4,7,7,8],"texture":"#all","cullface":"west"},"up":{"uv":[4,7,7,8],"rotation":90,"texture":"#all","cullface":"west"}}},{"from":[-0.5,7,3],"to":[0,8,8],"rotation":{"angle":0,"axis":"y","origin":[8,8,8]},"faces":{"north":{"uv":[3,8,4,9],"texture":"#all","cullface":"west"},"south":{"uv":[7,8,8,9],"texture":"#all","cullface":"west"},"west":{"uv":[3,8,8,9],"texture":"#all","cullface":"west"},"up":{"uv":[3,8,8,9],"rotation":90,"texture":"#all","cullface":"west"},"down":{"uv":[3,8,8,9],"rotation":270,"texture":"#all","cullface":"west"}}},{"from":[-0.5,3,2],"to":[0,4,7],"rotation":{"angle":0,"axis":"y","origin":[8,8,8]},"faces":{"north":{"uv":[2,12,3,13],"texture":"#all","cullface":"west"},"south":{"uv":[6,12,7,13],"texture":"#all","cullface":"west"},"west":{"uv":[2,12,7,13],"texture":"#all","cullface":"west"},"up":{"uv":[2,12,7,13],"rotation":90,"texture":"#all","cullface":"west"},"down":{"uv":[2,12,7,13],"rotation":270,"texture":"#all","cullface":"west"}}},{"from":[-0.75,12,5],"to":[0,13,11],"rotation":{"angle":0,"axis":"y","origin":[8,8,8]},"faces":{"north":{"uv":[5,3,6,4],"texture":"#all","cullface":"west"},"south":{"uv":[10,3,11,4],"texture":"#all","cullface":"west"},"west":{"uv":[5,3,11,4],"texture":"#all","cullface":"west"},"up":{"uv":[5,3,11,4],"rotation":90,"texture":"#all","cullface":"west"},"down":{"uv":[5,3,11,4],"rotation":270,"texture":"#all","cullface":"west"}}},{"from":[-0.75,5,13],"to":[0,6,15],"rotation":{"angle":0,"axis":"y","origin":[8,8,8]},"faces":{"north":{"uv":[13,10,14,11],"texture":"#all","cullface":"west"},"south":{"uv":[14,10,15,11],"texture":"#all","cullface":"west"},"west":{"uv":[13,10,15,11],"texture":"#all","cullface":"west"},"up":{"uv":[13,10,15,11],"rotation":90,"texture":"#all","cullface":"west"},"down":{"uv":[13,10,15,11],"rotation":270,"texture":"#all","cullface":"west"}}},{"from":[-0.75,2,10],"to":[0,4,12],"rotation":{"angle":0,"axis":"y","origin":[8,8,8]},"faces":{"north":{"uv":[10,12,11,14],"texture":"#all","cullface":"west"},"south":{"uv":[11,12,12,14],"texture":"#all","cullface":"west"},"west":{"uv":[10,12,12,14],"texture":"#all","cullface":"west"},"up":{"uv":[10,12,12,13],"rotation":90,"texture":"#all","cullface":"west"},"down":{"uv":[10,13,12,14],"rotation":270,"texture":"#all","cullface":"west"}}},{"from":[-0.75,8,11],"to":[0,10,13],"rotation":{"angle":0,"axis":"y","origin":[8,8,8]},"faces":{"north":{"uv":[11,6,12,8],"texture":"#all","cullface":"west"},"south":{"uv":[12,6,13,8],"texture":"#all","cullface":"west"},"west":{"uv":[11,6,13,8],"texture":"#all","cullface":"west"},"up":{"uv":[11,6,13,7],"rotation":90,"texture":"#all","cullface":"west"},"down":{"uv":[11,7,13,8],"rotation":270,"texture":"#all","cullface":"west"}}},{"from":[-0.75,6,4],"to":[0,8,6],"rotation":{"angle":0,"axis":"y","origin":[8,8,8]},"faces":{"north":{"uv":[4,8,5,10],"texture":"#all","cullface":"west"},"south":{"uv":[5,8,6,10],"texture":"#all","cullface":"west"},"west":{"uv":[4,8,6,10],"texture":"#all","cullface":"west"},"up":{"uv":[4,8,6,9],"rotation":90,"texture":"#all","cullface":"west"},"down":{"uv":[4,9,6,10],"rotation":270,"texture":"#all","cullface":"west"}}},{"from":[-0.75,2,3],"to":[0,4,5],"rotation":{"angle":0,"axis":"y","origin":[8,8,8]},"faces":{"north":{"uv":[3,12,4,14],"texture":"#all","cullface":"west"},"south":{"uv":[4,12,5,14],"texture":"#all","cullface":"west"},"west":{"uv":[3,12,5,14],"texture":"#all","cullface":"west"},"up":{"uv":[3,12,5,13],"rotation":90,"texture":"#all","cullface":"west"},"down":{"uv":[3,13,5,14],"rotation":270,"texture":"#all","cullface":"west"}}},{"from":[-0.75,11,1],"to":[0,12,3],"rotation":{"angle":0,"axis":"y","origin":[8,8,8]},"faces":{"north":{"uv":[1,4,2,5],"texture":"#all","cullface":"west"},"south":{"uv":[2,4,3,5],"texture":"#all","cullface":"west"},"west":{"uv":[1,4,3,5],"texture":"#all","cullface":"west"},"up":{"uv":[1,4,3,5],"rotation":90,"texture":"#all","cullface":"west"},"down":{"uv":[1,4,3,5],"rotation":270,"texture":"#all","cullface":"west"}}},{"from":[6,16,14],"to":[8,16.5,15],"rotation":{"angle":0,"axis":"x","origin":[8,8,8]},"faces":{"north":{"uv":[6,14,8,15],"rotation":180,"texture":"#all","cullface":"up"},"east":{"uv":[7,14,8,15],"rotation":90,"texture":"#all","cullface":"up"},"south":{"uv":[6,14,8,15],"texture":"#all","cullface":"up"},"west":{"uv":[6,14,7,15],"rotation":270,"texture":"#all","cullface":"up"},"up":{"uv":[6,14,8,15],"texture":"#all","cullface":"up"}}},{"from":[12,16,12],"to":[13,16.5,13],"rotation":{"angle":0,"axis":"x","origin":[8,8,8]},"faces":{"north":{"uv":[12,12,13,13],"rotation":180,"texture":"#all","cullface":"up"},"east":{"uv":[12,12,13,13],"rotation":90,"texture":"#all","cullface":"up"},"south":{"uv":[12,12,13,13],"texture":"#all","cullface":"up"},"up":{"uv":[12,12,13,13],"texture":"#all","cullface":"up"}}},{"from":[10,16,6],"to":[11,16.5,7],"rotation":{"angle":0,"axis":"x","origin":[8,8,8]},"faces":{"north":{"uv":[10,6,11,7],"rotation":180,"texture":"#all","cullface":"up"},"south":{"uv":[10,6,11,7],"texture":"#all","cullface":"up"},"west":{"uv":[10,6,11,7],"rotation":270,"texture":"#all","cullface":"up"},"up":{"uv":[10,6,11,7],"texture":"#all","cullface":"up"}}},{"from":[12,16,2],"to":[14,16.5,3],"rotation":{"angle":0,"axis":"x","origin":[8,8,8]},"faces":{"north":{"uv":[12,2,14,3],"rotation":180,"texture":"#all","cullface":"up"},"east":{"uv":[13,2,14,3],"rotation":90,"texture":"#all","cullface":"up"},"south":{"uv":[12,2,14,3],"texture":"#all","cullface":"up"},"west":{"uv":[12,2,13,3],"rotation":270,"texture":"#all","cullface":"up"},"up":{"uv":[12,2,14,3],"texture":"#all","cullface":"up"}}},{"from":[6,16,2],"to":[9,16.5,3],"rotation":{"angle":0,"axis":"x","origin":[8,8,8]},"faces":{"north":{"uv":[6,2,9,3],"rotation":180,"texture":"#all","cullface":"up"},"east":{"uv":[8,2,9,3],"rotation":90,"texture":"#all","cullface":"up"},"west":{"uv":[6,2,7,3],"rotation":270,"texture":"#all","cullface":"up"},"up":{"uv":[6,2,9,3],"texture":"#all","cullface":"up"}}},{"from":[7,16,4],"to":[10,16.5,5],"rotation":{"angle":0,"axis":"x","origin":[8,8,8]},"faces":{"east":{"uv":[9,4,10,5],"rotation":90,"texture":"#all","cullface":"up"},"south":{"uv":[7,4,10,5],"texture":"#all","cullface":"up"},"west":{"uv":[7,4,8,5],"rotation":270,"texture":"#all","cullface":"up"},"up":{"uv":[7,4,10,5],"texture":"#all","cullface":"up"}}},{"from":[4,16,7],"to":[7,16.5,8],"rotation":{"angle":0,"axis":"x","origin":[8,8,8]},"faces":{"north":{"uv":[4,7,7,8],"rotation":180,"texture":"#all","cullface":"up"},"east":{"uv":[6,7,7,8],"rotation":90,"texture":"#all","cullface":"up"},"west":{"uv":[4,7,5,8],"rotation":270,"texture":"#all","cullface":"up"},"up":{"uv":[4,7,7,8],"texture":"#all","cullface":"up"}}},{"from":[3,16,8],"to":[8,16.5,9],"rotation":{"angle":0,"axis":"x","origin":[8,8,8]},"faces":{"north":{"uv":[3,8,8,9],"rotation":180,"texture":"#all","cullface":"up"},"east":{"uv":[7,8,8,9],"rotation":90,"texture":"#all","cullface":"up"},"south":{"uv":[3,8,8,9],"texture":"#all","cullface":"up"},"west":{"uv":[3,8,4,9],"rotation":270,"texture":"#all","cullface":"up"},"up":{"uv":[3,8,8,9],"texture":"#all","cullface":"up"}}},{"from":[2,16,12],"to":[7,16.5,13],"rotation":{"angle":0,"axis":"x","origin":[8,8,8]},"faces":{"north":{"uv":[2,12,7,13],"rotation":180,"texture":"#all","cullface":"up"},"east":{"uv":[6,12,7,13],"rotation":90,"texture":"#all","cullface":"up"},"south":{"uv":[2,12,7,13],"texture":"#all","cullface":"up"},"west":{"uv":[2,12,3,13],"rotation":270,"texture":"#all","cullface":"up"},"up":{"uv":[2,12,7,13],"texture":"#all","cullface":"up"}}},{"from":[5,16,3],"to":[11,16.75,4],"rotation":{"angle":0,"axis":"x","origin":[8,8,8]},"faces":{"north":{"uv":[5,3,11,4],"rotation":180,"texture":"#all","cullface":"up"},"east":{"uv":[10,3,11,4],"rotation":90,"texture":"#all","cullface":"up"},"south":{"uv":[5,3,11,4],"texture":"#all","cullface":"up"},"west":{"uv":[5,3,6,4],"rotation":270,"texture":"#all","cullface":"up"},"up":{"uv":[5,3,11,4],"texture":"#all","cullface":"up"}}},{"from":[13,16,10],"to":[15,16.75,11],"rotation":{"angle":0,"axis":"x","origin":[8,8,8]},"faces":{"north":{"uv":[13,10,15,11],"rotation":180,"texture":"#all","cullface":"up"},"east":{"uv":[14,10,15,11],"rotation":90,"texture":"#all","cullface":"up"},"south":{"uv":[13,10,15,11],"texture":"#all","cullface":"up"},"west":{"uv":[13,10,14,11],"rotation":270,"texture":"#all","cullface":"up"},"up":{"uv":[13,10,15,11],"texture":"#all","cullface":"up"}}},{"from":[10,16,12],"to":[12,16.75,14],"rotation":{"angle":0,"axis":"x","origin":[8,8,8]},"faces":{"north":{"uv":[10,12,12,13],"rotation":180,"texture":"#all","cullface":"up"},"east":{"uv":[11,12,12,14],"rotation":90,"texture":"#all","cullface":"up"},"south":{"uv":[10,13,12,14],"texture":"#all","cullface":"up"},"west":{"uv":[10,12,11,14],"rotation":270,"texture":"#all","cullface":"up"},"up":{"uv":[10,12,12,14],"texture":"#all","cullface":"up"}}},{"from":[11,16,6],"to":[13,16.75,8],"rotation":{"angle":0,"axis":"x","origin":[8,8,8]},"faces":{"north":{"uv":[11,6,13,7],"rotation":180,"texture":"#all","cullface":"up"},"east":{"uv":[12,6,13,8],"rotation":90,"texture":"#all","cullface":"up"},"south":{"uv":[11,7,13,8],"texture":"#all","cullface":"up"},"west":{"uv":[11,6,12,8],"rotation":270,"texture":"#all","cullface":"up"},"up":{"uv":[11,6,13,8],"texture":"#all","cullface":"up"}}},{"from":[4,16,8],"to":[6,16.75,10],"rotation":{"angle":0,"axis":"x","origin":[8,8,8]},"faces":{"north":{"uv":[4,8,6,9],"rotation":180,"texture":"#all","cullface":"up"},"east":{"uv":[5,8,6,10],"rotation":90,"texture":"#all","cullface":"up"},"south":{"uv":[4,9,6,10],"texture":"#all","cullface":"up"},"west":{"uv":[4,8,5,10],"rotation":270,"texture":"#all","cullface":"up"},"up":{"uv":[4,8,6,10],"texture":"#all","cullface":"up"}}},{"from":[3,16,12],"to":[5,16.75,14],"rotation":{"angle":0,"axis":"x","origin":[8,8,8]},"faces":{"north":{"uv":[3,12,5,13],"rotation":180,"texture":"#all","cullface":"up"},"east":{"uv":[4,12,5,14],"rotation":90,"texture":"#all","cullface":"up"},"south":{"uv":[3,13,5,14],"texture":"#all","cullface":"up"},"west":{"uv":[3,12,4,14],"rotation":270,"texture":"#all","cullface":"up"},"up":{"uv":[3,12,5,14],"texture":"#all","cullface":"up"}}},{"from":[1,16,4],"to":[3,16.75,5],"rotation":{"angle":0,"axis":"x","origin":[8,8,8]},"faces":{"north":{"uv":[1,4,3,5],"rotation":180,"texture":"#all","cullface":"up"},"east":{"uv":[2,4,3,5],"rotation":90,"texture":"#all","cullface":"up"},"south":{"uv":[1,4,3,5],"texture":"#all","cullface":"up"},"west":{"uv":[1,4,2,5],"rotation":270,"texture":"#all","cullface":"up"},"up":{"uv":[1,4,3,5],"texture":"#all","cullface":"up"}}},{"from":[6,-0.5,1],"to":[8,0,2],"rotation":{"angle":0,"axis":"x","origin":[8,8,8]},"faces":{"north":{"uv":[6,14,8,15],"rotation":180,"texture":"#all","cullface":"down"},"east":{"uv":[7,14,8,15],"rotation":270,"texture":"#all","cullface":"down"},"south":{"uv":[6,14,8,15],"texture":"#all","cullface":"down"},"west":{"uv":[6,14,7,15],"rotation":90,"texture":"#all","cullface":"down"},"down":{"uv":[6,14,8,15],"texture":"#all","cullface":"down"}}},{"from":[12,-0.5,3],"to":[13,0,4],"rotation":{"angle":0,"axis":"x","origin":[8,8,8]},"faces":{"north":{"uv":[12,12,13,13],"rotation":180,"texture":"#all","cullface":"down"},"east":{"uv":[12,12,13,13],"rotation":270,"texture":"#all","cullface":"down"},"south":{"uv":[12,12,13,13],"texture":"#all","cullface":"down"},"down":{"uv":[12,12,13,13],"texture":"#all","cullface":"down"}}},{"from":[10,-0.5,9],"to":[11,0,10],"rotation":{"angle":0,"axis":"x","origin":[8,8,8]},"faces":{"north":{"uv":[10,6,11,7],"rotation":180,"texture":"#all","cullface":"down"},"south":{"uv":[10,6,11,7],"texture":"#all","cullface":"down"},"west":{"uv":[10,6,11,7],"rotation":90,"texture":"#all","cullface":"down"},"down":{"uv":[10,6,11,7],"texture":"#all","cullface":"down"}}},{"from":[12,-0.5,13],"to":[14,0,14],"rotation":{"angle":0,"axis":"x","origin":[8,8,8]},"faces":{"north":{"uv":[12,2,14,3],"rotation":180,"texture":"#all","cullface":"down"},"east":{"uv":[13,2,14,3],"rotation":270,"texture":"#all","cullface":"down"},"south":{"uv":[12,2,14,3],"texture":"#all","cullface":"down"},"west":{"uv":[12,2,13,3],"rotation":90,"texture":"#all","cullface":"down"},"down":{"uv":[12,2,14,3],"texture":"#all","cullface":"down"}}},{"from":[6,-0.5,13],"to":[9,0,14],"rotation":{"angle":0,"axis":"x","origin":[8,8,8]},"faces":{"east":{"uv":[8,2,9,3],"rotation":270,"texture":"#all","cullface":"down"},"south":{"uv":[6,2,9,3],"texture":"#all","cullface":"down"},"west":{"uv":[6,2,7,3],"rotation":90,"texture":"#all","cullface":"down"},"down":{"uv":[6,2,9,3],"texture":"#all","cullface":"down"}}},{"from":[7,-0.5,11],"to":[10,0,12],"rotation":{"angle":0,"axis":"x","origin":[8,8,8]},"faces":{"north":{"uv":[7,4,10,5],"rotation":180,"texture":"#all","cullface":"down"},"east":{"uv":[9,4,10,5],"rotation":270,"texture":"#all","cullface":"down"},"west":{"uv":[7,4,8,5],"rotation":90,"texture":"#all","cullface":"down"},"down":{"uv":[7,4,10,5],"texture":"#all","cullface":"down"}}},{"from":[4,-0.5,8],"to":[7,0,9],"rotation":{"angle":0,"axis":"x","origin":[8,8,8]},"faces":{"east":{"uv":[6,7,7,8],"rotation":270,"texture":"#all","cullface":"down"},"south":{"uv":[4,7,7,8],"texture":"#all","cullface":"down"},"west":{"uv":[4,7,5,8],"rotation":90,"texture":"#all","cullface":"down"},"down":{"uv":[4,7,7,8],"texture":"#all","cullface":"down"}}},{"from":[3,-0.5,7],"to":[8,0,8],"rotation":{"angle":0,"axis":"x","origin":[8,8,8]},"faces":{"north":{"uv":[3,8,8,9],"rotation":180,"texture":"#all","cullface":"down"},"east":{"uv":[7,8,8,9],"rotation":270,"texture":"#all","cullface":"down"},"south":{"uv":[3,8,8,9],"texture":"#all","cullface":"down"},"west":{"uv":[3,8,4,9],"rotation":90,"texture":"#all","cullface":"down"},"down":{"uv":[3,8,8,9],"texture":"#all","cullface":"down"}}},{"from":[2,-0.5,3],"to":[7,0,4],"rotation":{"angle":0,"axis":"x","origin":[8,8,8]},"faces":{"north":{"uv":[2,12,7,13],"rotation":180,"texture":"#all","cullface":"down"},"east":{"uv":[6,12,7,13],"rotation":270,"texture":"#all","cullface":"down"},"south":{"uv":[2,12,7,13],"texture":"#all","cullface":"down"},"west":{"uv":[2,12,3,13],"rotation":90,"texture":"#all","cullface":"down"},"down":{"uv":[2,12,7,13],"texture":"#all","cullface":"down"}}},{"from":[5,-0.75,12],"to":[11,0,13],"rotation":{"angle":0,"axis":"x","origin":[8,8,8]},"faces":{"north":{"uv":[5,3,11,4],"rotation":180,"texture":"#all","cullface":"down"},"east":{"uv":[10,3,11,4],"rotation":270,"texture":"#all","cullface":"down"},"south":{"uv":[5,3,11,4],"texture":"#all","cullface":"down"},"west":{"uv":[5,3,6,4],"rotation":90,"texture":"#all","cullface":"down"},"down":{"uv":[5,3,11,4],"texture":"#all","cullface":"down"}}},{"from":[13,-0.75,5],"to":[15,0,6],"rotation":{"angle":0,"axis":"x","origin":[8,8,8]},"faces":{"north":{"uv":[13,10,15,11],"rotation":180,"texture":"#all","cullface":"down"},"east":{"uv":[14,10,15,11],"rotation":270,"texture":"#all","cullface":"down"},"south":{"uv":[13,10,15,11],"texture":"#all","cullface":"down"},"west":{"uv":[13,10,14,11],"rotation":90,"texture":"#all","cullface":"down"},"down":{"uv":[13,10,15,11],"texture":"#all","cullface":"down"}}},{"from":[10,-0.75,2],"to":[12,0,4],"rotation":{"angle":0,"axis":"x","origin":[8,8,8]},"faces":{"north":{"uv":[10,13,12,14],"rotation":180,"texture":"#all","cullface":"down"},"east":{"uv":[11,12,12,14],"rotation":270,"texture":"#all","cullface":"down"},"south":{"uv":[10,12,12,13],"texture":"#all","cullface":"down"},"west":{"uv":[10,12,11,14],"rotation":90,"texture":"#all","cullface":"down"},"down":{"uv":[10,12,12,14],"texture":"#all","cullface":"down"}}},{"from":[11,-0.75,8],"to":[13,0,10],"rotation":{"angle":0,"axis":"x","origin":[8,8,8]},"faces":{"north":{"uv":[11,7,13,8],"rotation":180,"texture":"#all","cullface":"down"},"east":{"uv":[12,6,13,8],"rotation":270,"texture":"#all","cullface":"down"},"south":{"uv":[11,6,13,7],"texture":"#all","cullface":"down"},"west":{"uv":[11,6,12,8],"rotation":90,"texture":"#all","cullface":"down"},"down":{"uv":[11,6,13,8],"texture":"#all","cullface":"down"}}},{"from":[4,-0.75,6],"to":[6,0,8],"rotation":{"angle":0,"axis":"x","origin":[8,8,8]},"faces":{"north":{"uv":[4,9,6,10],"rotation":180,"texture":"#all","cullface":"down"},"east":{"uv":[5,8,6,10],"rotation":270,"texture":"#all","cullface":"down"},"south":{"uv":[4,8,6,9],"texture":"#all","cullface":"down"},"west":{"uv":[4,8,5,10],"rotation":90,"texture":"#all","cullface":"down"},"down":{"uv":[4,8,6,10],"texture":"#all","cullface":"down"}}},{"from":[3,-0.75,2],"to":[5,0,4],"rotation":{"angle":0,"axis":"x","origin":[8,8,8]},"faces":{"north":{"uv":[3,13,5,14],"rotation":180,"texture":"#all","cullface":"down"},"east":{"uv":[4,12,5,14],"rotation":270,"texture":"#all","cullface":"down"},"south":{"uv":[3,12,5,13],"texture":"#all","cullface":"down"},"west":{"uv":[3,12,4,14],"rotation":90,"texture":"#all","cullface":"down"},"down":{"uv":[3,12,5,14],"texture":"#all","cullface":"down"}}},{"from":[1,-0.75,11],"to":[3,0,12],"rotation":{"angle":0,"axis":"x","origin":[8,8,8]},"faces":{"north":{"uv":[1,4,3,5],"rotation":180,"texture":"#all","cullface":"down"},"east":{"uv":[2,4,3,5],"rotation":270,"texture":"#all","cullface":"down"},"south":{"uv":[1,4,3,5],"texture":"#all","cullface":"down"},"west":{"uv":[1,4,2,5],"rotation":90,"texture":"#all","cullface":"down"},"down":{"uv":[1,4,3,5],"texture":"#all","cullface":"down"}}}]}